"IDDIST";"DISTRITO";"Código de Local Educativo";"Nombre de Local Educativo";"Gestión";"Número de Estudiantes";"Número de Docentes";"Siniestros Fatales Registrados";"Longitud";"Latitud";"Local Educativo Priorizado (preliminar)"
"150106";"CARABAYLLO";"012296";"SAINT JOHN BAPTIST";"Privada";291;23;"NA";-77.03725;-11.8974;"No"
"150106";"CARABAYLLO";"221596";"DIVINO NIÑO JESUS DE CARABAYLLO";"Privada";47;5;"NA";-77.03648;-11.88679;"No"
"150106";"CARABAYLLO";"230727";"MAS QUE VENCEDORES";"Privada";106;8;"NA";-77.01929;-11.89331;"No"
"150106";"CARABAYLLO";"231492";"PESTALOZZI";"Privada";14;3;"NA";-77.05882;-11.85929;"No"
"150106";"CARABAYLLO";"232038";"SAN FRANCISCO DE LUCYANA";"Privada";57;7;"NA";-77.03145;-11.89419;"No"
"150106";"CARABAYLLO";"232415";"SANTA MARIA DE LUCYANA";"Privada";35;4;"NA";-77.03971;-11.88652;"No"
"150106";"CARABAYLLO";"291037";"BENEDICTO XVI";"Privada";148;9;"NA";-77.03087;-11.87183;"No"
"150106";"CARABAYLLO";"296469";"884";"Pública de gestión directa";162;6;"NA";-77.03587;-11.8899;"No"
"150106";"CARABAYLLO";"296474";"875";"Pública de gestión directa";157;6;"NA";-77.07076;-11.83017;"No"
"150106";"CARABAYLLO";"296488";"876 RIO SECO";"Pública de gestión directa";55;3;"NA";-76.968841;-11.787776;"No"
"150106";"CARABAYLLO";"296493";"EL PROGRESO I SECTOR";"Pública de gestión directa";259;11;"1";-77.01945;-11.87924;"Sí"
"150106";"CARABAYLLO";"296501";"877";"Pública de gestión directa";245;12;"NA";-77.02908;-11.90472;"No"
"150106";"CARABAYLLO";"296515";"878 NIÑOS JESUS DEL GRAN PODER";"Pública de gestión directa";241;9;"NA";-77.0248;-11.88447;"No"
"150106";"CARABAYLLO";"296520";"900 ESTRELLITAS DE FATIMA";"Pública de gestión directa";414;18;"NA";-77.01827;-11.87341;"Sí"
"150106";"CARABAYLLO";"296539";"JORGE LINGAN";"Pública de gestión directa";272;12;"NA";-77.01682;-11.87296;"No"
"150106";"CARABAYLLO";"296544";"339";"Pública de gestión directa";103;3;"NA";-77.02052;-11.88537;"No"
"150106";"CARABAYLLO";"296558";"329";"Pública de gestión directa";232;9;"NA";-77.02856;-11.89705;"No"
"150106";"CARABAYLLO";"296563";"359 MANDILITO AZUL";"Pública de gestión directa";296;13;"NA";-77.04292;-11.89191;"No"
"150106";"CARABAYLLO";"296577";"374";"Pública de gestión directa";34;2;"NA";-76.98487;-11.75758;"No"
"150106";"CARABAYLLO";"296582";"865 CAUDEVILLA";"Pública de gestión directa";350;13;"NA";-77.03192;-11.89001;"Sí"
"150106";"CARABAYLLO";"296596";"384 LOS AMIGUITOS";"Pública de gestión directa";450;19;"NA";-77.03117;-11.89566;"Sí"
"150106";"CARABAYLLO";"296600";"321 EL POLVORIN";"Pública de gestión directa";131;6;"NA";-77.02941;-11.90008;"No"
"150106";"CARABAYLLO";"296619";"JOSE SACO ROJAS";"Pública de gestión directa";266;11;"NA";-77.01791;-11.88383;"No"
"150106";"CARABAYLLO";"296624";"LUIS ENRIQUE I";"Pública de gestión directa";354;15;"NA";-77.00955;-11.87712;"Sí"
"150106";"CARABAYLLO";"296638";"8163 SANTIAGO APOSTOL DE PUNCHAUCA";"Pública de gestión directa";344;10;"NA";-77.00045;-11.83416;"Sí"
"150106";"CARABAYLLO";"296643";"315 LOS ANGELES Y MARIA";"Pública de gestión directa";486;19;"NA";-77.03592;-11.89883;"Sí"
"150106";"CARABAYLLO";"296657";"3079 NUESTRA SEÑORA DE LAS MERCEDES";"Pública de gestión directa";970;31;"NA";-77.03807;-11.89443;"Sí"
"150106";"CARABAYLLO";"296662";"2080 ANDRES BELLO";"Pública de gestión directa";858;32;"NA";-77.02283;-11.88691;"Sí"
"150106";"CARABAYLLO";"296676";"2051";"Pública de gestión directa";1177;35;"NA";-77.01142;-11.86973;"Sí"
"150106";"CARABAYLLO";"296681";"2025";"Pública de gestión directa";1108;43;"NA";-77.00848;-11.87771;"Sí"
"150106";"CARABAYLLO";"296695";"3526";"Pública de gestión directa";38;3;"NA";-76.98475;-11.75757;"No"
"150106";"CARABAYLLO";"296704";"8174";"Pública de gestión directa";572;21;"NA";-77.03733;-11.89221;"Sí"
"150106";"CARABAYLLO";"296718";"8171 SAN FRANCISCO";"Pública de gestión directa";437;15;"NA";-77.02481;-11.88255;"Sí"
"150106";"CARABAYLLO";"296723";"8169 PERU JAPON";"Pública de gestión directa";866;30;"NA";-76.9958;-11.84715;"Sí"
"150106";"CARABAYLLO";"296737";"8168 LOS ANGELES DE NARANJAL";"Pública de gestión directa";792;45;"NA";-77.02619;-11.90612;"Sí"
"150106";"CARABAYLLO";"296742";"8167";"Pública de gestión directa";155;8;"NA";-76.96102;-11.786701;"No"
"150106";"CARABAYLLO";"296756";"882";"Pública de gestión directa";145;8;"NA";-77.01919;-11.88883;"No"
"150106";"CARABAYLLO";"296761";"8161 MANUEL SCORZA TORRE";"Pública de gestión directa";1634;65;"NA";-77.07259;-11.82905;"Sí"
"150106";"CARABAYLLO";"296775";"8159";"Pública de gestión directa";138;6;"NA";-76.99781;-11.81474;"No"
"150106";"CARABAYLLO";"296780";"8155 VICTOR RAUL HAYA DE LA TORRE";"Pública de gestión directa";640;20;"NA";-77.03376;-11.89376;"Sí"
"150106";"CARABAYLLO";"296799";"3507 CAUDIVILLA";"Pública de gestión directa";739;27;"NA";-77.03147;-11.88966;"Sí"
"150106";"CARABAYLLO";"296803";"3058 VIRGEN DE FATIMA";"Pública de gestión directa";1069;39;"NA";-77.0239;-11.89254;"Sí"
"150106";"CARABAYLLO";"296817";"3512 MARIA PARADO DE BELLIDO";"Pública de gestión directa";718;29;"NA";-76.97664;-11.76544;"Sí"
"150106";"CARABAYLLO";"296822";"2084";"Pública de gestión directa";1585;60;"NA";-77.03198;-11.90217;"Sí"
"150106";"CARABAYLLO";"296836";"3057 SANTA ROSA DE CARABAYLLO";"Pública de gestión directa";2552;103;"1";-77.0162;-11.87415;"Sí"
"150106";"CARABAYLLO";"296841";"RAUL PORRAS BARRENECHEA";"Pública de gestión directa";969;49;"NA";-77.02446;-11.89284;"Sí"
"150106";"CARABAYLLO";"296855";"2037 CIRO ALEGRIA";"Pública de gestión directa";2330;93;"1";-77.02136;-11.88114;"Sí"
"150106";"CARABAYLLO";"296860";"3054 LA FLOR";"Pública de gestión directa";1131;49;"NA";-77.02717;-11.89591;"Sí"
"150106";"CARABAYLLO";"296879";"SANTA ISABEL";"Pública de gestión directa";1085;52;"NA";-77.03579;-11.89838;"Sí"
"150106";"CARABAYLLO";"296884";"TUNGASUCA";"Pública de gestión directa";770;46;"NA";-77.0431;-11.89536;"Sí"
"150106";"CARABAYLLO";"296898";"JOSE MARIA ARGUEDAS";"Pública de gestión directa";2085;94;"NA";-77.01775;-11.87361;"Sí"
"150106";"CARABAYLLO";"296902";"LUCYANA";"Pública de gestión directa";820;49;"NA";-77.03264;-11.8906;"Sí"
"150106";"CARABAYLLO";"296921";"SANTIAGO ANTUNEZ DE MAYOLO";"Pública de gestión directa";686;40;"NA";-77.00593;-11.87744;"Sí"
"150106";"CARABAYLLO";"296935";"8177 EL ROSARIO DE JICAMARCA";"Pública de gestión directa";171;9;"NA";-76.982684;-11.798811;"No"
"150106";"CARABAYLLO";"296940";"365";"Pública de gestión directa";101;4;"NA";-77.02966;-11.84323;"No"
"150106";"CARABAYLLO";"296959";"597 NUESTRO SEÑOR DE LOS MILAGROS";"Pública de gestión directa";219;10;"NA";-77.06721;-11.83058;"No"
"150106";"CARABAYLLO";"296964";"2050 REPUBLICA DE ARGENTINA";"Pública de gestión directa";1743;65;"NA";-77.03795;-11.85447;"Sí"
"150106";"CARABAYLLO";"296978";"3074 PEDRO RUIZ GALLO";"Pública de gestión directa";1394;46;"NA";-77.06224;-11.843323;"Sí"
"150106";"CARABAYLLO";"296983";"5174 JUAN PABLO II";"Pública de gestión directa";971;36;"NA";-77.07024;-11.8297;"Sí"
"150106";"CARABAYLLO";"296997";"3519 PHILIP P. SAUNDERS";"Pública de gestión directa";790;30;"NA";-77.02882;-11.84336;"Sí"
"150106";"CARABAYLLO";"297001";"8175 CORAZON SAGRADO DE JESUS";"Pública de gestión directa";592;23;"NA";-77.006;-11.85638;"Sí"
"150106";"CARABAYLLO";"297015";"EL PROGRESO";"Pública de gestión directa";41;6;"NA";-77.00929;-11.8773;"No"
"150106";"CARABAYLLO";"297020";"SANTA ROSA DE LIMA";"Pública de gestión directa";94;21;"NA";-77.02994;-11.8933;"No"
"150106";"CARABAYLLO";"297063";"8182 CORONEL JUAN VALER SANDOVAL";"Pública de gestión directa";338;13;"NA";-77.03659;-11.88505;"Sí"
"150106";"CARABAYLLO";"297077";"8184 SAN BENITO";"Pública de gestión directa";1487;56;"NA";-77.04796;-11.81858;"Sí"
"150106";"CARABAYLLO";"297082";"890";"Pública de gestión directa";146;6;"NA";-77.00212;-11.88003;"No"
"150106";"CARABAYLLO";"297124";"RAYITO DE SOL";"Privada";68;3;"NA";-77.0302;-11.90396;"No"
"150106";"CARABAYLLO";"297138";"SANTA ROSA DE QUIVES";"Privada";23;4;"NA";-77.0327;-11.9039;"No"
"150106";"CARABAYLLO";"297157";"JHON DALTON";"Privada";190;11;"NA";-77.02159;-11.89455;"No"
"150106";"CARABAYLLO";"297176";"INMACULADA CONCEPCION DE MARIA";"Privada";165;18;"NA";-77.0331;-11.88144;"No"
"150106";"CARABAYLLO";"297204";"JESUS EL SEMBRADOR";"Privada";269;20;"NA";-77.03673;-11.89708;"No"
"150106";"CARABAYLLO";"297218";"JESUS NIÑO";"Privada";91;7;"NA";-77.04564;-11.89449;"No"
"150106";"CARABAYLLO";"297223";"VALLE DEL JORDAN";"Privada";182;9;"NA";-77.02257;-11.88845;"No"
"150106";"CARABAYLLO";"297242";"ENRIQUE PESTALOZZI";"Privada";104;11;"NA";-77.02393;-11.88272;"No"
"150106";"CARABAYLLO";"297256";"VIRGEN DE LAS VICTORIAS";"Privada";194;5;"NA";-77.02672;-11.89204;"No"
"150106";"CARABAYLLO";"297275";"NIÑO MARISCAL CHAPERITO";"Privada";116;10;"NA";-77.03429;-11.89501;"No"
"150106";"CARABAYLLO";"297280";"ALBERT EINSTEIN";"Privada";414;15;"NA";-77.01176;-11.87801;"Sí"
"150106";"CARABAYLLO";"297303";"GABRIEL MORENO";"Privada";33;9;"NA";-77.03269;-11.90639;"No"
"150106";"CARABAYLLO";"297322";"LOS AMAUTAS";"Privada";173;11;"NA";-77.04168;-11.8917;"No"
"150106";"CARABAYLLO";"297336";"PAMER - CARABAYLLO";"Privada";210;10;"NA";-77.03962;-11.89704;"No"
"150106";"CARABAYLLO";"297355";"EL ANGEL DE JESUS";"Privada";191;13;"NA";-77.03394;-11.90612;"No"
"150106";"CARABAYLLO";"297379";"BELEN";"Privada";455;22;"NA";-77.03323;-11.89561;"Sí"
"150106";"CARABAYLLO";"297384";"EMANUEL";"Privada";209;21;"NA";-77.03311;-11.89593;"No"
"150106";"CARABAYLLO";"297398";"NUESTRA SEÑORA DE MONSERRAT";"Privada";565;27;"NA";-77.03926;-11.89327;"Sí"
"150106";"CARABAYLLO";"297402";"JUAN PABLO II";"Privada";306;22;"NA";-77.031286;-11.90065;"Sí"
"150106";"CARABAYLLO";"297416";"CARL FRIEDRICH GAUSS";"Privada";316;24;"NA";-77.0384;-11.8957;"Sí"
"150106";"CARABAYLLO";"297435";"JEAN PIAGET";"Privada";395;24;"NA";-77.03523;-11.90345;"Sí"
"150106";"CARABAYLLO";"297440";"ALFRED ADLER";"Privada";16;4;"NA";-77.03461;-11.90165;"No"
"150106";"CARABAYLLO";"297464";"SAN IGNACIO DEL PROGRESO II";"Privada";143;13;"NA";-76.96806;-11.75119;"No"
"150106";"CARABAYLLO";"297497";"NUBE AZUL";"Privada";37;2;"NA";-77.03734;-11.89949;"No"
"150106";"CARABAYLLO";"297510";"SAN JUAN";"Privada";92;11;"NA";-77.02216;-11.86164;"No"
"150106";"CARABAYLLO";"297529";"REGINA MUNDI";"Privada";87;11;"NA";-77.04583;-11.89439;"No"
"150106";"CARABAYLLO";"297572";"ANA MARIA KAN";"Privada";156;19;"NA";-77.01775;-11.87637;"No"
"150106";"CARABAYLLO";"297586";"INGENIERIA DE CARABAYLLO";"Privada";234;11;"NA";-77.034917;-11.895642;"No"
"150106";"CARABAYLLO";"297591";"INFO ELITE XXI";"Privada";369;11;"NA";-77.03122;-11.90454;"Sí"
"150106";"CARABAYLLO";"297614";"YO SOY JESUS";"Privada";108;19;"NA";-77.00662;-11.86044;"No"
"150106";"CARABAYLLO";"297628";"JAFET KORBAN";"Privada";26;9;"1";-77.03838;-11.89946;"Sí"
"150106";"CARABAYLLO";"297727";"NUESTRA SEÑORA DE COPACABANA";"Privada";815;32;"NA";-77.01817;-11.87434;"Sí"
"150106";"CARABAYLLO";"297751";"SANTO DOMINGO DE GUZMAN";"Privada";687;22;"NA";-77.03604;-11.88478;"Sí"
"150106";"CARABAYLLO";"297831";"LUMEN";"Privada";57;9;"NA";-77.01492;-11.86728;"No"
"150106";"CARABAYLLO";"297845";"INICIATIVA";"Privada";58;5;"1";-77.01464;-11.87491;"Sí"
"150106";"CARABAYLLO";"297874";"UNIVERSITY SCHOOL DE CARABAYLLO";"Privada";270;9;"NA";-77.03179;-11.88356;"No"
"150106";"CARABAYLLO";"297906";"MAKARENKO";"Privada";269;23;"NA";-77.02508;-11.87879;"No"
"150106";"CARABAYLLO";"297925";"MATE + FAZ = IL";"Privada";12;1;"NA";-77.03393;-11.88146;"No"
"150106";"CARABAYLLO";"297930";"SAN FLORENTINO XVII KID'S";"Privada";32;2;"NA";-77.04018;-11.89585;"No"
"150106";"CARABAYLLO";"297968";"SEMILLITAS DE AMOR";"Privada";5;4;"NA";-77.03055;-11.89302;"No"
"150106";"CARABAYLLO";"297987";"JESUS EDUCADOR";"Privada";433;20;"NA";-77.02235;-11.87363;"Sí"
"150106";"CARABAYLLO";"297992";"JUAN PABLO PEREGRINO";"Privada";1592;37;"NA";-77.0367;-11.88736;"Sí"
"150106";"CARABAYLLO";"298005";"SAN BENITO DE PALERMO";"Privada";204;16;"NA";-77.02882;-11.89174;"No"
"150106";"CARABAYLLO";"298010";"MIGUEL ANGEL";"Privada";212;20;"NA";-77.0245;-11.86971;"No"
"150106";"CARABAYLLO";"298034";"MARISCAL ANDRES AVELINO CACERES DE CARABAYLLO";"Privada";106;11;"NA";-77.02252;-11.87901;"No"
"150106";"CARABAYLLO";"302583";"DIVINO MAESTRO";"Privada";141;18;"NA";-77.014388;-11.866371;"No"
"150106";"CARABAYLLO";"332410";"SANTA ELVIRA";"Privada";24;2;"1";-77.029695;-11.895994;"Sí"
"150106";"CARABAYLLO";"351658";"ANGLO AMERICANO";"Privada";26;3;"NA";-77.0358;-11.88213;"No"
"150106";"CARABAYLLO";"352846";"JOSE ANTONIO ENCINAS";"Privada";17;2;"NA";-77.02832;-11.8883;"No"
"150106";"CARABAYLLO";"477342";"CRISTIANO EMANUEL";"Privada";68;15;"NA";-77.0167;-11.86818;"No"
"150106";"CARABAYLLO";"477605";"MELANIE KLEIN";"Privada";20;4;"NA";-77.03263;-11.90655;"No"
"150106";"CARABAYLLO";"506189";"GENIUS SCHOOL";"Privada";11;4;"NA";-77.01649;-11.86878;"No"
"150106";"CARABAYLLO";"507240";"DEL PACIFICO";"Privada";275;5;"1";-77.03801;-11.89814;"Sí"
"150106";"CARABAYLLO";"517932";"SAN FRANCISCO DE LAS LOMAS";"Privada";156;14;"NA";-77.07308;-11.83168;"No"
"150106";"CARABAYLLO";"518583";"SANTA MARIA DEL BOSQUE";"Pública de gestión directa";189;6;"NA";-77.04352;-11.83201;"No"
"150106";"CARABAYLLO";"521217";"SAN JOSE DE LAS LOMAS";"Privada";290;17;"NA";-77.08374;-11.83005;"No"
"150106";"CARABAYLLO";"524051";"STEPHEN HAWKING DE CARABAYLLO";"Privada";271;7;"NA";-77.032794;-11.880179;"No"
"150106";"CARABAYLLO";"525017";"GARCILASO DE LA VEGA DE CARABAYLLO";"Privada";219;14;"NA";-77.03816;-11.88396;"No"
"150106";"CARABAYLLO";"526936";"MI JESUS DEL PROGRESO II";"Privada";80;9;"NA";-77.01712;-11.87824;"No"
"150106";"CARABAYLLO";"534385";"MY ABC HIGH SCHOOL";"Privada";28;2;"NA";-77.02293;-11.89428;"No"
"150106";"CARABAYLLO";"539156";"ELITEX";"Privada";273;16;"NA";-77.00865;-11.86162;"No"
"150106";"CARABAYLLO";"549990";"BILL GATES DEL PERU";"Privada";28;7;"NA";-77.0354;-11.88849;"No"
"150106";"CARABAYLLO";"552888";"CAMBRIGNE SCHOOL";"Privada";380;16;"NA";-77.02094;-11.83904;"Sí"
"150106";"CARABAYLLO";"556457";"VIRGEN DEL CARMEN DE LUMBRERAS";"Privada";354;30;"NA";-77.08233;-11.83151;"Sí"
"150106";"CARABAYLLO";"559502";"MONSERRAT DE CARABAYLLO II";"Privada";142;15;"NA";-77.02459;-11.8667;"No"
"150106";"CARABAYLLO";"559559";"NUESTRA SEÑORA DEL PRADO";"Privada";65;4;"NA";-77.06332;-11.83018;"No"
"150106";"CARABAYLLO";"563274";"VILLA VERITAS SCHOOL";"Privada";322;18;"NA";-77.00077;-11.84728;"Sí"
"150106";"CARABAYLLO";"566512";"MIS AÑOS MARAVILLOSOS";"Privada";67;3;"NA";-77.03566;-11.89977;"No"
"150106";"CARABAYLLO";"572631";"LA SAGRADA FAMILIA DE CARABAYLLO";"Privada";99;6;"NA";-77.02131;-11.87238;"No"
"150106";"CARABAYLLO";"572645";"MI ARCOBALENO";"Privada";46;7;"NA";-77.07367;-11.84181;"No"
"150106";"CARABAYLLO";"574729";"JESUS REDENTOR DE PUNCHAUCA";"Privada";20;2;"NA";-76.999074;-11.830113;"No"
"150106";"CARABAYLLO";"575050";"MIS TRAVESURAS";"Privada";46;4;"NA";-77.01882;-11.8709;"No"
"150106";"CARABAYLLO";"589858";"BLAS PASCAL DE CARABAYLLO";"Privada";187;12;"NA";-77.02494;-11.89135;"No"
"150106";"CARABAYLLO";"589863";"PEQUEÑOS GRANDES VALORES";"Privada";21;3;"NA";-77.0206;-11.87682;"No"
"150106";"CARABAYLLO";"597090";"PRESCOTT COLLEGE";"Privada";45;8;"NA";-77.0554;-11.85995;"No"
"150106";"CARABAYLLO";"597108";"REPUBLICA DE HOLANDA DE CARABAYLLO";"Privada";50;4;"1";-77.02586;-11.89051;"Sí"
"150106";"CARABAYLLO";"602746";"CRISTO REDENTOR DE CARABAYLLO";"Privada";716;33;"NA";-77.03872;-11.85662;"Sí"
"150106";"CARABAYLLO";"602765";"GENERAL OLLANTAY";"Privada";275;14;"NA";-77.01897;-11.87333;"No"
"150106";"CARABAYLLO";"602789";"MI AMADO JESUS";"Privada";227;15;"NA";-77.01628;-11.8787;"No"
"150106";"CARABAYLLO";"605293";"ESCUELA PITAGORICA";"Privada";28;5;"NA";-77.04483;-11.89062;"No"
"150106";"CARABAYLLO";"605387";"OLLANTAYCITO";"Privada";46;3;"NA";-77.01959;-11.87361;"No"
"150106";"CARABAYLLO";"605405";"SAN ANTONIO DE CARABAYLLO";"Privada";319;18;"NA";-77.0212;-11.87781;"Sí"
"150106";"CARABAYLLO";"616084";"CRISTO LUZ DEL MUNDO";"Pública de gestión directa";180;7;"NA";-77.01202;-11.86159;"No"
"150106";"CARABAYLLO";"617489";"UNIMASTER INTERNACIONAL";"Privada";91;6;"NA";-77.04554;-11.86203;"No"
"150106";"CARABAYLLO";"618219";"HAPPY CHILDREN'S";"Privada";80;3;"NA";-77.04499;-11.89421;"No"
"150106";"CARABAYLLO";"620038";"APOLO XIII";"Privada";202;18;"NA";-77.020173;-11.863616;"No"
"150106";"CARABAYLLO";"621797";"MARIA DE MAEZTU WITHNEY";"Privada";53;5;"NA";-77.03111;-11.87478;"No"
"150106";"CARABAYLLO";"623490";"SAN JOSE DE LOS CLAVELES";"Privada";14;2;"NA";-77.01768;-11.86337;"No"
"150106";"CARABAYLLO";"626399";"HAPPY KIDS";"Privada";121;6;"NA";-77.07464;-11.84056;"No"
"150106";"CARABAYLLO";"626422";"LARRY COCHRAN";"Privada";146;13;"NA";-76.99676;-11.87923;"No"
"150106";"CARABAYLLO";"626573";"SANTIAGO ANTUNEZ DE MAYOLO";"Privada";366;19;"NA";-77.04544;-11.8659;"Sí"
"150106";"CARABAYLLO";"626587";"SONRISITAS DE AMOR";"Privada";22;2;"NA";-77.04033;-11.89221;"No"
"150106";"CARABAYLLO";"629114";"PASITO A PASO";"Privada";21;3;"NA";-77.0397;-11.89598;"No"
"150106";"CARABAYLLO";"630018";"JESUS EL BUEN PASTOR DE CARABAYLLO";"Privada";9;1;"NA";-77.03453;-11.88733;"No"
"150106";"CARABAYLLO";"631230";"SHADIA DE JESUS NAZARENO";"Privada";131;9;"NA";-77.05424;-11.88083;"No"
"150106";"CARABAYLLO";"633088";"MARIO BENEDETTI";"Privada";235;13;"NA";-77.069602;-11.842036;"No"
"150106";"CARABAYLLO";"636077";"GENIOS";"Privada";129;5;"NA";-77.03431;-11.89616;"No"
"150106";"CARABAYLLO";"645717";"SANTA ROSA DE VILLA";"Pública de gestión directa";338;13;"NA";-77.07921;-11.8369;"Sí"
"150106";"CARABAYLLO";"649763";"INNOVA SCHOOLS - CARABAYLLO ENACE";"Privada";1151;46;"NA";-77.03859;-11.88806;"Sí"
"150106";"CARABAYLLO";"655160";"MONTECARLO DE CARABAYLLO";"Privada";181;11;"NA";-77.01349;-11.85809;"No"
"150106";"CARABAYLLO";"699729";"NUESTRA SEÑORA DE MONSERRAT DE SAN PEDRO DE CARABAYLLO";"Privada";142;15;"NA";-77.03347;-11.85542;"No"
"150106";"CARABAYLLO";"708371";"8188 FE Y ESPERANZA";"Pública de gestión directa";1178;49;"NA";-77.05264;-11.82473;"Sí"
"150106";"CARABAYLLO";"708390";"CRISTO LUZ DEL MUNDO DE CARABAYLLO";"Privada";48;8;"NA";-77.01648;-11.87909;"No"
"150106";"CARABAYLLO";"708446";"SANTO MARTIN";"Privada";87;14;"NA";-77.04607;-11.81983;"No"
"150106";"CARABAYLLO";"708535";"SKINNER";"Privada";432;27;"NA";-77.02463;-11.86826;"Sí"
"150106";"CARABAYLLO";"708682";"PADRE HUGO DE CENSI";"Privada";18;10;"NA";-77.02243;-11.89215;"No"
"150106";"CARABAYLLO";"708955";"MI MUNDO NUEVO DE CARABAYLLO";"Privada";189;9;"NA";-77.02489;-11.89102;"No"
"150106";"CARABAYLLO";"709667";"ANTON MAKARENKO DE LOS ANGELES";"Privada";94;5;"NA";-77.01498;-11.88406;"No"
"150106";"CARABAYLLO";"710133";"SAN RAFAEL";"Privada";856;42;"NA";-77.04986;-11.82965;"Sí"
"150106";"CARABAYLLO";"710152";"LA CASITA DE MARLENE";"Privada";19;4;"NA";-77.0403;-11.89223;"No"
"150106";"CARABAYLLO";"710208";"VIRGEN DE GUADALUPE";"Privada";45;8;"NA";-77.01474;-11.8774;"No"
"150106";"CARABAYLLO";"710246";"MARIA AUXILIADORA DE CARABAYLLO";"Privada";283;21;"1";-77.05384;-11.86169;"Sí"
"150106";"CARABAYLLO";"710270";"SAN ANTONIO ABAD DE SANTA ISABEL";"Privada";109;13;"NA";-77.03724;-11.89795;"No"
"150106";"CARABAYLLO";"710326";"893";"Pública de gestión directa";87;4;"NA";-77.02849;-11.88653;"No"
"150106";"CARABAYLLO";"710331";"894";"Pública de gestión directa";259;8;"NA";-77.03488;-11.88236;"No"
"150106";"CARABAYLLO";"710345";"8189";"Pública de gestión directa";29;3;"NA";-77.00066;-11.79422;"No"
"150106";"CARABAYLLO";"710406";"FORJADORES DE LA EDUCACION";"Privada";209;8;"NA";-77.04341;-11.81317;"No"
"150106";"CARABAYLLO";"710430";"MAJESTUOSA VIRGEN DE LA PUERTA";"Privada";50;6;"NA";-77.02608;-11.88267;"No"
"150106";"CARABAYLLO";"710680";"8190";"Pública de gestión directa";1345;47;"NA";-76.997263;-11.880637;"Sí"
"150106";"CARABAYLLO";"710699";"DEMOCRACIA Y LIBERTAD";"Pública de gestión directa";537;34;"NA";-77.00128;-11.88058;"Sí"
"150106";"CARABAYLLO";"710760";"TECHNOLOGY SCHOOLS II";"Privada";391;15;"NA";-77.031741;-11.872047;"Sí"
"150106";"CARABAYLLO";"710779";"LA CATOLICA DE CARABAYLLO";"Privada";459;39;"NA";-77.03106;-11.87814;"Sí"
"150106";"CARABAYLLO";"710816";"SAN SEBASTIAN";"Privada";44;3;"NA";-77.02544;-11.89245;"No"
"150106";"CARABAYLLO";"710996";"SEÑOR DE BURGOS";"Privada";106;25;"NA";-77.04633;-11.82114;"No"
"150106";"CARABAYLLO";"711038";"LA CASITA DE COLORES";"Privada";64;6;"NA";-77.01218;-11.87396;"No"
"150106";"CARABAYLLO";"711057";"MARIA DE LOS ANGELES DEL CONO NORTE";"Privada";88;2;"NA";-77.0443;-11.88812;"No"
"150106";"CARABAYLLO";"711076";"CIENTIFICO DEL NORTE";"Privada";477;22;"NA";-77.04544;-11.89744;"Sí"
"150106";"CARABAYLLO";"711175";"NUEVA GENERACION DE CARABAYLLO";"Privada";58;7;"NA";-77.01157;-11.86519;"No"
"150106";"CARABAYLLO";"711236";"JOHN F. KENNEDY";"Privada";408;16;"NA";-77.02696;-11.88537;"Sí"
"150106";"CARABAYLLO";"711415";"JACQUES COUSTEAU";"Privada";441;29;"NA";-77.04488;-11.85564;"Sí"
"150106";"CARABAYLLO";"711533";"JOSE MARTI DE CARABAYLLO";"Privada";286;7;"NA";-77.00378;-11.87863;"No"
"150106";"CARABAYLLO";"711552";"SIR ISAAC NEWTON";"Privada";131;10;"NA";-77.02839;-11.88849;"No"
"150106";"CARABAYLLO";"711590";"EL GRAN YO SOY";"Privada";69;7;"NA";-77.02757;-11.89112;"No"
"150106";"CARABAYLLO";"711608";"MARIA REICHE NEWMAN";"Privada";129;14;"NA";-77.04513;-11.82785;"No"
"150106";"CARABAYLLO";"711627";"SANTO DOMINGO EL MAESTRO";"Privada";622;30;"NA";-76.99983;-11.85182;"Sí"
"150106";"CARABAYLLO";"711632";"ALFONSO SAGARDIA MORILLAS";"Privada";77;12;"NA";-77.08118;-11.83671;"No"
"150106";"CARABAYLLO";"711707";"VIRGEN DE CHAPI DE CARABAYLLO";"Privada";186;17;"NA";-77.00922;-11.865;"No"
"150106";"CARABAYLLO";"711750";"JESUS DIVINO MAESTRO REDENTOR";"Privada";204;13;"NA";-77.02467;-11.88646;"No"
"150106";"CARABAYLLO";"711849";"CRAMEX";"Privada";514;28;"NA";-77.00287;-11.85174;"Sí"
"150106";"CARABAYLLO";"711873";"THALES DE MILETO";"Privada";430;19;"NA";-77.041;-11.88793;"Sí"
"150106";"CARABAYLLO";"711948";"HAPPY GARDEN";"Privada";60;2;"NA";-77.01214;-11.87398;"No"
"150106";"CARABAYLLO";"712014";"ALMA MATER";"Privada";184;13;"NA";-77.01393;-11.87653;"No"
"150106";"CARABAYLLO";"712047";"SOR MARIA DE LOS ANGELES";"Privada";94;9;"NA";-77.08231;-11.82954;"No"
"150106";"CARABAYLLO";"712146";"MI NIÑO JESUS";"Privada";40;6;"NA";-77.02749;-11.89627;"No"
"150106";"CARABAYLLO";"712405";"MI MUNDO MAGICO";"Privada";5;2;"NA";-77.02935;-11.8739;"No"
"150106";"CARABAYLLO";"713462";"MI JESUS DEL PROGRESO";"Privada";166;9;"NA";-77.01712;-11.87823;"No"
"150106";"CARABAYLLO";"743464";"MIGUEL ANGEL I";"Privada";40;3;"NA";-77.02484;-11.86938;"No"
"150106";"CARABAYLLO";"744883";"SANTA ANA DE CARABAYLLO";"Privada";382;17;"NA";-77.037617;-11.883754;"Sí"
"150106";"CARABAYLLO";"746429";"MIGUEL ANGEL ASTURIAS DE CARABAYLLO";"Privada";42;10;"NA";-77.061167;-11.842816;"No"
"150106";"CARABAYLLO";"746575";"DEL BUEN PASTOR";"Privada";174;11;"NA";-77.03261;-11.85047;"No"
"150106";"CARABAYLLO";"746599";"SANTA LUCIA";"Privada";125;11;"NA";-77.00622;-11.85599;"No"
"150106";"CARABAYLLO";"747344";"MATEMATICO HONORES DE CARABAYLLO";"Privada";164;16;"NA";-77.035128;-11.887938;"No"
"150106";"CARABAYLLO";"747443";"EMANUEL I";"Privada";27;3;"NA";-77.03327;-11.89617;"No"
"150106";"CARABAYLLO";"747508";"EMANUEL II";"Privada";50;6;"NA";-77.03326;-11.89553;"No"
"150106";"CARABAYLLO";"747768";"CRUZ SACO DE SAN ANTONIO";"Privada";309;20;"NA";-77.04522;-11.86263;"Sí"
"150106";"CARABAYLLO";"747966";"NEUMANN SCHOOL";"Privada";272;20;"NA";-77.01955;-11.8671;"No"
"150106";"CARABAYLLO";"749654";"SANTISIMA CRUZ DE MOTUPE";"Privada";23;3;"NA";-77.0803;-11.83512;"No"
"150106";"CARABAYLLO";"749673";"SAN AGUSTIN DE VILLA VICTORIA";"Privada";308;15;"NA";-77.00414;-11.84269;"Sí"
"150106";"CARABAYLLO";"749927";"MI CELESTIAL NIÑO JESUS";"Privada";111;6;"NA";-76.99656;-11.84644;"No"
"150106";"CARABAYLLO";"750195";"ALBERT EINSTEIN DE CARABAYLLO";"Privada";89;10;"NA";-77.02774;-11.85185;"No"
"150106";"CARABAYLLO";"750464";"SAN ANTONIO DEL ROSARIO";"Privada";413;23;"NA";-76.98153;-11.79656;"Sí"
"150106";"CARABAYLLO";"750483";"LIDER DE CARABAYLLO";"Privada";71;13;"NA";-77.022245;-11.835105;"No"
"150106";"CARABAYLLO";"750893";"LA PONTIFICIA";"Privada";298;6;"NA";-77.0191;-11.8763;"No"
"150106";"CARABAYLLO";"750968";"MI AMADO JESUS DE SAN ANTONIO";"Privada";64;7;"NA";-77.04684;-11.86032;"No"
"150106";"CARABAYLLO";"751034";"SANTA CATALINA LABOURE";"Privada";11;3;"NA";-77.052271;-11.827332;"No"
"150106";"CARABAYLLO";"754631";"BERTOLT BRECHT";"Privada";629;43;"NA";-77.03227;-11.87836;"Sí"
"150106";"CARABAYLLO";"756282";"JOHAMN PESTALOZZI";"Privada";86;5;"NA";-77.07468;-11.84055;"No"
"150106";"CARABAYLLO";"756507";"LOS JAZMINES";"Pública de gestión directa";92;4;"NA";-77.01574;-11.8971;"No"
"150106";"CARABAYLLO";"775879";"ROSA AMERICAN SCHOOL";"Privada";49;3;"NA";-77.03364;-11.90601;"No"
"150106";"CARABAYLLO";"776039";"INMACULADA CONCEPCION DE CARABAYLLO";"Privada";14;2;"NA";-77.01519;-11.87075;"No"
"150106";"CARABAYLLO";"776671";"MI PEQUEÑO MUNDO III";"Pública de gestión directa";136;6;"NA";-77.0035;-11.87867;"No"
"150106";"CARABAYLLO";"776685";"ANGELITOS DE PRIMAVERA";"Pública de gestión directa";61;3;"NA";-77.04172;-11.81041;"No"
"150106";"CARABAYLLO";"777454";"AMIGUITOS DE JESUS";"Pública de gestión directa";129;5;"NA";-77.08336;-11.82812;"No"
"150106";"CARABAYLLO";"777468";"SEMILLITAS DEL SABER";"Pública de gestión directa";153;5;"NA";-77.05693;-11.86065;"No"
"150106";"CARABAYLLO";"777487";"PASITOS AL SABER I";"Pública de gestión directa";87;3;"NA";-77.03815;-11.85737;"No"
"150106";"CARABAYLLO";"777519";"FUTUROS MAESTROS";"Pública de gestión directa";84;3;"NA";-77.01653;-11.83126;"No"
"150106";"CARABAYLLO";"777524";"LAS TORTOLITAS";"Pública de gestión directa";68;3;"NA";-77.01496;-11.88664;"No"
"150106";"CARABAYLLO";"778180";"CORAZON DE JESUS I";"Pública de gestión directa";79;3;"NA";-77.00394;-11.86117;"No"
"150106";"CARABAYLLO";"778199";"SEMILLITAS DEL SABER I";"Pública de gestión directa";75;3;"NA";-77.04175;-11.8198;"No"
"150106";"CARABAYLLO";"778203";"VISTA ALEGRE";"Pública de gestión directa";102;4;"NA";-77.02111;-11.86536;"No"
"150106";"CARABAYLLO";"778397";"LICEO SAN DIEGO";"Privada";59;5;"NA";-77.00403;-11.88198;"No"
"150106";"CARABAYLLO";"778415";"INNOVA AMERICA SCHOOL";"Privada";62;5;"NA";-77.04261;-11.83952;"No"
"150106";"CARABAYLLO";"779085";"HISPANO AMERICANO TRINI";"Privada";288;14;"NA";-77.02825;-11.86387;"No"
"150106";"CARABAYLLO";"779684";"SANTA MARIA DE FATIMA";"Privada";88;4;"NA";-77.04737;-11.8376;"No"
"150106";"CARABAYLLO";"779740";"MONTESSORI SCHOOL";"Privada";72;3;"NA";-77.04164;-11.85318;"No"
"150106";"CARABAYLLO";"780531";"CARRUSEL";"Pública de gestión directa";94;3;"1";-77.01114;-11.87244;"Sí"
"150106";"CARABAYLLO";"780574";"INMACULADA CONCEPCION";"Pública de gestión directa";140;6;"NA";-77.02281;-11.8694;"No"
"150106";"CARABAYLLO";"781795";"SAN AGUSTIN DE CARABAYLLO";"Privada";115;6;"NA";-77.0335;-11.89947;"No"
"150106";"CARABAYLLO";"782064";"AMIGOS DE JESUS";"Privada";87;6;"NA";-77.0246;-11.88849;"No"
"150106";"CARABAYLLO";"782813";"SAN LORENZO BONDADOSO";"Privada";174;15;"NA";-77.00001;-11.87616;"No"
"150106";"CARABAYLLO";"785147";"DIVINO JESUS";"Privada";4;1;"NA";-77.016501;-11.878432;"No"
"150106";"CARABAYLLO";"786081";"INNOVA AMERICA HIGH SCHOOL";"Privada";135;18;"NA";-77.04283;-11.8393;"No"
"150106";"CARABAYLLO";"786627";"ISABEL LA CATOLICA";"Privada";88;9;"NA";-77.04913;-11.82005;"No"
"150106";"CARABAYLLO";"797876";"LAS CASUARINAS";"Pública de gestión directa";56;3;"NA";-77.04392;-11.82828;"No"
"150106";"CARABAYLLO";"797904";"CASITA CELESTE";"Pública de gestión directa";74;3;"NA";-77.02384;-11.90598;"No"
"150106";"CARABAYLLO";"802359";"TORREBLANCA";"Pública de gestión directa";257;7;"NA";-76.997994;-11.852364;"No"
"150106";"CARABAYLLO";"802613";"UNIVERSITY SCHOOL CAMINO REAL";"Privada";118;6;"NA";-77.02699;-11.8758;"No"
"150106";"CARABAYLLO";"804155";"AUGUSTO WIESE";"Privada";44;6;"NA";-77.07982;-11.83871;"No"
"150106";"CARABAYLLO";"804805";"LIDER SCHOOL";"Privada";5;2;"NA";-77.04835;-11.82119;"No"
"150106";"CARABAYLLO";"805796";"VIRGEN DE CHAPI DE CARABAYLLO II";"Privada";186;9;"NA";-77.013063;-11.857289;"No"
"150106";"CARABAYLLO";"806786";"SCUOLA MONTESSORI";"Privada";10;1;"NA";-77.01439;-11.85974;"No"
"150106";"CARABAYLLO";"806791";"MANUEL SCORZA TORRES - CARABAYLLO";"Privada";126;13;"NA";-77.003711;-11.854807;"No"
"150106";"CARABAYLLO";"807130";"FAMILY SCHOOL";"Privada";254;31;"NA";-77.06474;-11.8441;"No"
"150106";"CARABAYLLO";"807149";"HEINRICH PESTALOZZI COLLEGE";"Privada";225;22;"NA";-77.04193;-11.844717;"No"
"150106";"CARABAYLLO";"812023";"KINDER GARDEN MI PEQUEÑO NICOLAS";"Privada";51;3;"NA";-77.02196;-11.88935;"No"
"150106";"CARABAYLLO";"813292";"MI BUEN JESUS DE CARABAYLLO";"Privada";179;24;"NA";-77.01824;-11.87598;"No"
"150106";"CARABAYLLO";"824224";"ALEXANDER R. LURIA";"Privada";79;6;"NA";-77.04734;-11.83019;"No"
"150106";"CARABAYLLO";"824403";"MARIA REINA";"Privada";12;3;"NA";-77.047284;-11.872577;"No"
"150106";"CARABAYLLO";"824417";"MIS PEQUEÑOS GENIOS";"Privada";26;3;"NA";-77.03333;-11.89874;"No"
"150106";"CARABAYLLO";"826789";"SACO OLIVEROS DE CARABAYLLO";"Privada";296;12;"NA";-77.03674;-11.85309;"No"
"150106";"CARABAYLLO";"828236";"NEWTON";"Privada";64;4;"NA";-77.002342;-11.85364;"No"
"150106";"CARABAYLLO";"829622";"LA TORRE SCHOOL";"Privada";43;5;"NA";-77.00117;-11.85188;"No"
"150106";"CARABAYLLO";"829783";"SANTO MARTIN";"Pública de gestión directa";174;7;"NA";-77.01917;-11.89242;"No"
"150106";"CARABAYLLO";"829797";"ANTON MAKARENKO DE SAN MIGUEL";"Privada";15;2;"NA";-77.00851;-11.84878;"No"
"150106";"CARABAYLLO";"830847";"JUAN PABLO II";"Privada";65;3;"NA";-77.03222;-11.9011;"No"
"150106";"CARABAYLLO";"833515";"CASITA DE TRAVESURAS";"Privada";15;3;"NA";-77.04176;-11.87535;"No"
"150106";"CARABAYLLO";"833596";"SAN ANTONIO DE PUNCHAUCA";"Privada";56;3;"NA";-77.004564;-11.831771;"No"
"150106";"CARABAYLLO";"834237";"ALVIN TOFLER";"Privada";34;3;"NA";-77.003728;-11.854668;"No"
"150106";"CARABAYLLO";"834850";"INNOVA SCHOOLS - CARABAYLLO SAN ANTONIO";"Privada";695;36;"NA";-77.04947;-11.86253;"Sí"
"150106";"CARABAYLLO";"834874";"NUESTRA SEÑORA DEL VALLE";"Privada";126;9;"NA";-77.03628;-11.86398;"No"
"150106";"CARABAYLLO";"834888";"SIR NEWTON";"Privada";173;9;"NA";-76.999537;-11.852496;"No"
"150106";"CARABAYLLO";"834893";"ERIK ERICKSON DE CARABAYLLO";"Privada";8;1;"NA";-77.021079;-11.890735;"No"
"150106";"CARABAYLLO";"834906";"IRON MOUNTAIN COLLEGE";"Privada";90;7;"NA";-77.07971;-11.83273;"No"
"150106";"CARABAYLLO";"835784";"P Y T DE SANTO DOMINGO";"Privada";11;3;"NA";-77.012341;-11.874822;"No"
"150106";"CARABAYLLO";"835798";"MARISCAL CACERES EL TRIUNFADOR";"Privada";254;15;"NA";-77.04198;-11.87687;"No"
"150106";"CARABAYLLO";"835920";"SANTO DOMINGO DE LOS PINOS";"Privada";32;8;"NA";-77.02266;-11.86804;"No"
"150106";"CARABAYLLO";"835939";"SANTA MARIA DE FATIMA II";"Privada";97;7;"NA";-77.04987;-11.83735;"No"
"150106";"CARABAYLLO";"835944";"ALBERT EINSTEIN DE CARABAYLLO II";"Privada";163;18;"NA";-77.02764;-11.85185;"No"
"150106";"CARABAYLLO";"837603";"MI PEQUEÑO MUNDO";"Pública de gestión directa";191;9;"NA";-77.04344;-11.84147;"No"
"150106";"CARABAYLLO";"845288";"CIENCIAS NEWTON";"Privada";146;9;"NA";-76.99812;-11.85329;"No"
"150106";"CARABAYLLO";"845293";"NUEVA GENERACION DEL NORTE";"Privada";58;6;"NA";-77.03354;-11.87015;"No"
"150106";"CARABAYLLO";"847348";"NUESTRA SEÑORA DE MONSERRAT II";"Privada";45;4;"NA";-77.03979;-11.89406;"No"
"150106";"CARABAYLLO";"847353";"NUESTRA SEÑORA DE MONSERRAT III";"Privada";218;22;"NA";-77.03927;-11.89334;"No"
"150106";"CARABAYLLO";"847372";"BELEN";"Privada";87;5;"NA";-77.02961;-11.8941;"No"
"150106";"CARABAYLLO";"847541";"JESUS EDUCADOR DE LAS TORRES";"Privada";280;16;"NA";-77.013052;-11.855882;"No"
"150106";"CARABAYLLO";"848343";"SAN CLEMENTE EL APOSTOL";"Privada";158;16;"NA";-77.027899;-11.871136;"No"
"150106";"CARABAYLLO";"848362";"SANTA LUCIA DE PUNCHAUCA";"Privada";342;18;"NA";-77.005686;-11.842343;"Sí"
"150106";"CARABAYLLO";"848673";"JESUS DIVINO MAESTRO REDENTOR";"Privada";32;3;"NA";-77.02454;-11.88632;"No"
"150106";"CARABAYLLO";"849470";"PACIFICO DEL SABER DE CARABAYLLO";"Privada";36;3;"NA";-77.018858;-11.862092;"No"
"150106";"CARABAYLLO";"850538";"FAMILY SCHOOL DE SANTO DOMINGO";"Privada";101;7;"NA";-77.032266;-11.881644;"No"
"150106";"CARABAYLLO";"850722";"SCHOOL KING";"Privada";414;21;"NA";-77.075729;-11.832168;"Sí"
"150106";"CARABAYLLO";"852603";"SAN SEBASTIAN DE LIMA NORTE";"Privada";188;13;"NA";-77.02605;-11.89322;"No"
"150106";"CARABAYLLO";"854517";"FRANCISCO SOLANO NORTE";"Privada";10;2;"NA";-76.990245;-11.814585;"No"
"150106";"CARABAYLLO";"856168";"UNIVERSITY SCHOOL";"Privada";341;24;"NA";-77.033964;-11.882508;"Sí"
"150106";"CARABAYLLO";"857554";"MARIA MONTESSORI STOPPANI";"Privada";89;8;"NA";-77.05492;-11.8348;"No"
"150106";"CARABAYLLO";"859299";"HIGHT BRUNER SCHOOL";"Privada";26;3;"NA";-77.042489;-11.852926;"No"
"150106";"CARABAYLLO";"860132";"PACIFICO DEL SABER DE CARABAYLLO";"Privada";52;4;"NA";-77.018858;-11.862092;"No"
"150106";"CARABAYLLO";"860373";"MILITAR MARIANISTAS";"Privada";12;4;"NA";-77.018808;-11.862117;"No"
"150106";"CARABAYLLO";"860453";"HIGTH DAVID AUSUBEL SCHOOL DE CARABAYLLO";"Privada";28;7;"NA";-77.001311;-11.830388;"No"
